1;Rowing Women's Double Sculls;19
2;Swimming Women's 100 metres Freestyle;34
3;Cycling Men's 1/3 mile;40
4;Athletics Men's Discus Throw;10
5;Swimming Women's 200 metres Breaststroke;34
6;Cycling Women's Sprint;40
7;Weightlifting Women's Light-Heavyweight;27
8;Boxing Men's Light-Welterweight;39
9;Athletics Men's Javelin Throw, Both Hands;10
10;Cycling Men's 50 kilometres;40
11;Swimming Men's 4 x 100 metres Medley Relay;34
12;Weightlifting Men's Light-Heavyweight;27
13;Wrestling Men's Light-Heavyweight, Freestyle;5
14;Canoeing Men's Kayak Doubles, 200 metres;11
15;Sailing Mixed 7 metres;15
16;Wrestling Men's Middleweight A, Greco-Roman;5
17;Boxing Men's Light-Heavyweight;39
18;Shooting Men's Dueling Pistol, 30 metres;7
19;Athletics Women's 400 metres;10
20;Fencing Men's Foil, Individual;41
21;Shooting Women's Air Rifle, 10 metres;7
22;Wrestling Men's Middleweight, Greco-Roman;5
23;Shooting Men's Military Rifle, Any Position, 600 metres;7
24;Swimming Women's 50 metres Freestyle;34
25;Gymnastics Men's Team All-Around, Swedish System;4
26;Shooting Men's Rapid-Fire Pistol, 25 metres;7
27;Canoeing Women's Kayak Fours, 500 metres;11
28;Motorboating Mixed A-Class (Open);13
29;Volleyball Women's Volleyball;33
30;Rowing Men's Lightweight Double Sculls;19
31;Athletics Men's 1,600 metres Medley Relay;10
32;Shooting Men's Running Target, 50 metres;7
33;Roque Men's Singles;14
34;Shooting Men's Military Pistol, 30 metres;7
35;Polo Men's Polo;23
36;Cycling Men's 100 kilometres;40
37;Triathlon Men's Olympic Distance;45
38;Athletics Women's 100 metres Hurdles;10
39;Football Women's Football;9
40;Wrestling Women's Middleweight, Freestyle;5
41;Athletics Men's Discus Throw, Greek Style;10
42;Canoeing Men's Canadian Doubles, 1,000 metres;11
43;Sailing Mixed Two Person Heavyweight Dinghy;15
44;Art Competitions Mixed Sculpturing, Reliefs;48
45;Canoeing Men's Canadian Singles, 1,000 metres;11
46;Swimming Women's 100 metres Butterfly;34
47;Cycling Women's 500 metres Time Trial;40
48;Shooting Men's Dueling Pistol, 30 metres, Team;7
49;Rowing Men's Coxed Pairs;19
50;Sailing Men's Two Person Keelboat;15
51;Swimming Men's 4 x 100 metres Freestyle Relay;34
52;Swimming Men's 200 metres Individual Medley;34
53;Athletics Men's 10 mile Walk;10
54;Wrestling Men's Heavyweight, Greco-Roman;5
55;Taekwondo Women's Welterweight;6
56;Athletics Women's Long Jump;10
57;Shooting Mixed Skeet;7
58;Gymnastics Women's Horse Vault;4
59;Art Competitions Mixed Literature, Unknown Event;48
60;Shooting Men's Double Trap;7
61;Cycling Women's Omnium;40
62;Gymnastics Men's Team All-Around, Free System;4
63;Weightlifting Women's Flyweight;27
64;Synchronized Swimming Women's Solo;20
65;Cycling Men's Team Pursuit, 4,000 metres;40
66;Athletics Men's 5,000 metres;10
67;Swimming Women's 10 kilometres Open Water;34
68;Fencing Women's Sabre, Individual;41
69;Diving Men's Synchronized Platform;44
70;Wrestling Men's Welterweight, Greco-Roman;5
71;Art Competitions Mixed Painting, Unknown Event;48
72;Badminton Mixed Doubles;26
73;Wrestling Women's Lightweight, Freestyle;5
74;Athletics Men's 3,200 metres Steeplechase;10
75;Gymnastics Men's Individual All-Around;4
76;Trampolining Men's Individual;30
77;Athletics Men's Shot Put, Both Hands;10
78;Athletics Men's 60 metres;10
79;Table Tennis Men's Doubles;12
80;Shooting Men's Free Pistol, 50 metres;7
81;Cycling Men's Omnium;40
82;Athletics Women's 20 kilometres Walk;10
83;Tennis Mixed Doubles;16
84;Shooting Men's Free Rifle, Three Positions, 300 metres;7
85;Art Competitions Mixed Music, Vocals;48
86;Athletics Men's 100 metres;10
87;Athletics Men's 110 metres Hurdles;10
88;Fencing Women's epee, Individual;41
89;Volleyball Men's Volleyball;33
90;Athletics Men's 1,500 metres;10
91;Diving Men's Synchronized Springboard;44
92;Figure Skating Mixed Pairs;35
93;Art Competitions Mixed Sculpturing, Medals;48
94;Swimming Women's 300 metres Freestyle;34
95;Gymnastics Men's Club Swinging;4
96;Shooting Men's Trap, Team;7
97;Wrestling Men's Super-Heavyweight, Freestyle;5
98;Art Competitions Mixed Architecture, Designs For Town Planning;48
99;Swimming Men's 200 metres Butterfly;34
100;Shooting Mixed Running Target, 50 metres;7
101;Tennis Men's Doubles, Covered Courts;16
102;Sailing Mixed Windsurfer;15
103;Wrestling Men's Bantamweight, Freestyle;5
104;Swimming Men's One Mile Freestyle;34
105;Boxing Men's Middleweight;39
106;Athletics Men's 3,500 metres Walk;10
107;Athletics Women's Marathon;10
216;Judo Women's Extra-Lightweight;8
108;Shooting Men's Free Rifle, 400, 600 and 800 metres, Team;7
109;Canoeing Men's Canadian Doubles, Slalom;11
110;Art Competitions Mixed Architecture;48
111;Water Polo Men's Water Polo;25
112;Athletics Men's Cross-Country, Individual;10
113;Canoeing Men's Kayak Singles, 500 metres;11
114;Cycling Men's 1,000 metres Time Trial;40
115;Basketball Women's Basketball;36
116;Art Competitions Mixed Painting, Applied Arts;48
117;Gymnastics Men's Rope Climbing;4
118;Cycling Men's 20 kilometres;40
119;Sailing Men's Two Person Dinghy;15
120;Judo Women's Half-Lightweight;8
121;Diving Men's Platform;44
122;Art Competitions Mixed Literature;48
123;Gymnastics Men's Horse Vault;4
124;Sailing Women's One Person Dinghy;15
125;Taekwondo Women's Featherweight;6
126;Jeu De Paume Men's Singles;17
127;Shooting Men's Skeet;7
128;Sailing Mixed 10 metres;15
129;Athletics Men's Standing Triple Jump;10
130;Art Competitions Mixed Music;48
131;Shooting Men's Running Target, Single Shot;7
132;Shooting Women's Small-Bore Rifle, Three Positions, 50 metres;7
133;Art Competitions Mixed Music, Unknown Event;48
134;Diving Women's Synchronized Platform;44
135;Shooting Men's Running Target, 10 metres;7
136;Cycling Women's Team Sprint;40
137;Shooting Men's Free Rifle, 1,000 Yards;7
138;Shooting Men's Small-Bore Rifle, Moving Target, 25 yards;7
139;Rhythmic Gymnastics Women's Individual;28
140;Judo Women's Lightweight;8
141;Art Competitions Mixed Literature, Epic Works;48
142;Gymnastics Men's Tumbling;4
143;Shooting Men's Air Pistol, 10 metres;7
144;Athletics Women's 1,500 metres;10
145;Swimming Men's 200 metres Freestyle;34
146;Weightlifting Women's Heavyweight;27
147;Cycling Men's Road Race, Individual;40
148;Shooting Women's Air Pistol, 10 metres;7
149;Swimming Men's 1,500 metres Freestyle;34
150;Athletics Men's 3,000 metres Walk;10
151;Art Competitions Mixed Unknown Event;48
152;Tennis Women's Singles;16
153;Rugby Sevens Men's Rugby Sevens;42
154;Canoeing Men's Canadian Singles, 500 metres;11
155;Judo Men's Extra-Lightweight;8
156;Art Competitions Mixed Sculpturing, Unknown Event;48
157;Fencing Men's Sabre, Team;41
158;Wrestling Men's Lightweight, Freestyle;5
159;Racquets Men's Singles;43
160;Athletics Men's High Jump;10
161;Athletics Men's 4 x 100 metres Relay;10
162;Swimming Men's 400 metres Individual Medley;34
163;Wrestling Men's Welterweight, Freestyle;5
164;Wrestling Men's Middleweight, Freestyle;5
165;Cycling Men's Individual Time Trial;40
166;Wrestling Women's Flyweight, Freestyle;5
167;Athletics Men's Pentathlon;10
168;Sailing Men's One Person Dinghy;15
169;Athletics Men's 4 x 400 metres Relay;10
170;Cycling Women's Road Race, Individual;40
171;Figure Skating Men's Special Figures;35
172;Sailing Mixed Skiff;15
173;Rowing Men's Coxed Fours, Inriggers;19
174;Gymnastics Women's Individual All-Around;4
175;Athletics Men's Javelin Throw;10
176;Cycling Men's Individual Pursuit, 4,000 metres;40
177;Motorboating Mixed C-Class;13
178;Canoeing Men's Kayak Singles, 10,000 metres;11
179;Shooting Mixed Rapid-Fire Pistol, 25 metres;7
180;Athletics Women's Pole Vault;10
181;Swimming Men's 200 metres Backstroke;34
182;Archery Men's Pole Archery, Large Birds, Individual;1
183;Shooting Men's Small Bore-Rifle, Standing, 50 metres, Team;7
184;Gymnastics Women's Uneven Bars;4
185;Canoeing Men's Kayak Singles, Slalom;11
186;Canoeing Women's Kayak Singles, 200 metres;11
187;Football Men's Football;9
188;Rowing Men's Single Sculls;19
189;Art Competitions Mixed Music, Compositions For Solo Or Chorus;48
190;Shooting Men's Small-Bore Rifle, Disappearing Target, 25 metres, Team;7
191;Athletics Women's 5,000 metres;10
192;Shooting Men's Free Rifle, Prone, 600 metres;7
193;Weightlifting Men's Bantamweight;27
194;Athletics Men's 3 mile, Team;10
195;Swimming Women's 4 x 100 metres Freestyle Relay;34
196;Canoeing Men's Folding Kayak Singles, 10 kilometres;11
197;Gymnastics Women's Team Portable Apparatus;4
198;Badminton Women's Doubles;26
199;Fencing Women's Foil, Team;41
200;Hockey Women's Hockey;18
201;Gymnastics Men's Parallel Bars;4
202;Shooting Men's Small-Bore Rifle, 50 and 100 yards, Team;7
203;Cycling Men's 5 mile;40
204;Wrestling Men's Bantamweight, Greco-Roman;5
205;Cycling Men's 25 mile;40
206;Fencing Men's epee, Individual;41
207;Boxing Men's Heavyweight;39
208;Athletics Men's Pole Vault;10
209;Canoeing Men's Kayak Doubles, 10,000 metres;11
210;Cycling Men's Keirin;40
211;Judo Men's Lightweight;8
212;Equestrianism Men's Three-Day Event, Team;24
213;Triathlon Women's Olympic Distance;45
214;Taekwondo Women's Heavyweight;6
215;Table Tennis Men's Singles;12
217;Shooting Men's Military Rifle, Prone, 600 metres;7
218;Ice Hockey Men's Ice Hockey;46
219;Shooting Men's Running Target, Double Shot, Team;7
220;Shooting Men's Military Rifle, 200/500/600/800/900/1,000 Yards, Team;7
221;Swimming Men's 10 kilometres Open Water;34
222;Sailing Mixed 6 metres;15
223;Canoeing Men's Canadian Singles, 10,000 metres;11
224;Equestrianism Mixed Three-Day Event, Team;24
225;Athletics Men's 4 mile, Team;10
226;Wrestling Women's Featherweight, Freestyle;5
227;Canoeing Men's Canadian Doubles, 500 metres;11
228;Sailing Men's Skiff;15
229;Archery Women's Double National Round;1
230;Athletics Women's 4 x 400 metres Relay;10
231;Athletics Men's 56-pound Weight Throw;10
232;Weightlifting Women's Featherweight;27
233;Fencing Men's Foil, Team;41
234;Athletics Men's 20 kilometres Walk;10
235;Sailing Women's Windsurfer;15
236;Motorboating Mixed B-Class (Under 60 Feet);13
237;Sailing Mixed 30 metres;15
238;Cycling Women's Individual Pursuit, 3,000 metres;40
239;Art Competitions Mixed Music, Compositions For Orchestra;48
240;Gymnastics Men's Side Horse;4
241;Canoeing Men's Canadian Doubles, 10,000 metres;11
242;Archery Men's Team Round;1
243;Archery Men's Double York Round;1
244;Cycling Men's 1/4 mile;40
245;Wrestling Men's Flyweight, Freestyle;5
246;Judo Women's Middleweight;8
247;Athletics Women's High Jump;10
248;Taekwondo Women's Flyweight;6
249;Athletics Men's 3,000 metres, Team;10
250;Sailing Mixed 40 metres;15
251;Gymnastics Women's Balance Beam;4
252;Shooting Men's Small-Bore Rifle, Prone, 50 metres, Team;7
253;Tennis Men's Doubles;16
254;Weightlifting Men's Unlimited, Two Hands;27
255;Sailing Mixed Multihull;15
256;Gymnastics Men's Team All-Around;4
257;Gymnastics Women's Team All-Around;4
258;Athletics Men's Cross-Country, Team;10
259;Swimming Men's 200 metres Breaststroke;34
260;Weightlifting Men's Flyweight;27
261;Swimming Women's 200 metres Individual Medley;34
262;Athletics Women's 200 metres;10
263;Fencing Men's epee, Team;41
264;Archery Men's Double American Round;1
265;Cycling Men's 100 kilometres Team Time Trial;40
266;Rowing Men's Coxed Fours, Outriggers;19
267;Archery Men's Target Archery, 33 metres, Team;1
268;Swimming Men's 100 metres Breaststroke;34
269;Wrestling Men's Heavyweight, Freestyle;5
270;Athletics Women's 80 metres Hurdles;10
271;Cycling Men's Tandem Sprint, 2,000 metres;40
272;Swimming Men's 400 metres Breaststroke;34
273;Gymnastics Men's Individual All-Around, Field Sports;4
274;Weightlifting Men's Lightweight;27
275;Canoeing Men's Folding Kayak Doubles, 10 kilometres;11
276;Rowing Men's Coxless Fours;19
277;Athletics Women's Javelin Throw;10
278;Badminton Men's Doubles;26
279;Shooting Men's Small-Bore Rifle, Disappearing Target, 25 yards;7
280;Shooting Men's Free Pistol, 50 metres, Team;7
281;Weightlifting Men's Middleweight;27
282;Art Competitions Mixed Painting, Drawings And Water Colors;48
283;Gymnastics Men's Pommelled Horse;4
284;Boxing Men's Lightweight;39
285;Shooting Mixed Trap;7
286;Modern Pentathlon Women's Individual;29
287;Athletics Men's 10,000 metres;10
288;Diving Women's Springboard;44
289;Judo Women's Half-Heavyweight;8
290;Rugby Men's Rugby;47
291;Archery Men's Team;1
292;Cycling Women's Mountainbike, Cross-Country;40
293;Athletics Men's All-Around Championship;10
294;Diving Women's Synchronized Springboard;44
295;Shooting Men's Military Rifle, Prone, 300 metres;7
296;Wrestling Men's Featherweight, Greco-Roman;5
297;Swimming Men's 440 Yard Breaststroke;34
298;Taekwondo Men's Heavyweight;6
299;Shooting Women's Trap;7
300;Weightlifting Men's Middle-Heavyweight;27
301;Boxing Men's Featherweight;39
302;Weightlifting Women's Lightweight;27
303;Table Tennis Women's Singles;12
304;Rugby Sevens Women's Rugby Sevens;42
305;Boxing Men's Super-Heavyweight;39
306;Equestrianism Men's Dressage, Individual;24
307;Athletics Women's 10,000 metres;10
308;Cycling Men's Road Race, Team;40
309;Sailing Mixed One Person Dinghy;15
310;Swimming Men's 100 yard Freestyle;34
311;Swimming Women's 100 metres Breaststroke;34
312;Athletics Women's Triple Jump;10
313;Weightlifting Men's Featherweight;27
314;Athletics Women's 3,000 metres Steeplechase;10
315;Badminton Men's Singles;26
316;Swimming Men's 100 metres Backstroke;34
317;Rowing Men's Quadruple Sculls;19
318;Wrestling Men's Light-Flyweight, Greco-Roman;5
319;Swimming Women's 100 metres Backstroke;34
320;Golf Men's Individual;21
321;Gymnastics Men's Individual All-Around, Apparatus Work;4
322;Taekwondo Men's Welterweight;6
323;Shooting Men's Unknown Event;7
324;Cycling Men's 5,000 metres;40
325;Cycling Women's Points Race;40
326;Rowing Women's Single Sculls;19
327;Athletics Men's Javelin Throw, Freestyle;10
328;Judo Men's Middleweight;8
329;Archery Men's Target Archery, 28 metres, Individual;1
330;Taekwondo Men's Flyweight;6
331;Shooting Men's Air Rifle, 10 metres;7
332;Canoeing Men's Kayak Fours, 1,000 metres;11
333;Figure Skating Men's Singles;35
334;Tennis Men's Singles;16
335;Swimming Men's 50 metres Freestyle;34
336;Archery Men's Pole Archery, Small Birds, Team;1
337;Athletics Men's 3,000 metres Steeplechase;10
338;Swimming Women's 400 metres Individual Medley;34
339;Weightlifting Men's Heavyweight II;27
340;Figure Skating Women's Singles;35
341;Cycling Men's Points Race;40
342;Sailing Women's Three Person Keelboat;15
343;Wrestling Men's Featherweight, Freestyle;5
344;Canoeing Women's Kayak Doubles, 500 metres;11
345;Fencing Men's Sabre, Individual;41
346;Archery Men's Target Archery, 33 metres, Individual;1
347;Shooting Women's Double Trap;7
348;Rowing Women's Coxed Quadruple Sculls;19
349;Athletics Men's 800 metres;10
350;Gymnastics Men's Horizontal Bar;4
351;Wrestling Women's Heavyweight, Freestyle;5
352;Shooting Men's Military Rifle, Standing, 300 metres;7
353;Art Competitions Mixed Sculpturing;48
354;Athletics Men's Shot Put;10
355;Equestrianism Men's Jumping, Team;24
356;Cycling Men's 1/2 mile;40
357;Wrestling Men's Flyweight, Greco-Roman;5
358;Shooting Men's Running Target, Double Shot;7
359;Art Competitions Mixed Literature, Dramatic Works;48
360;Shooting Men's Trap;7
361;Swimming Women's 400 metres Freestyle;34
362;Shooting Mixed Free Rifle, Three Positions, 300 metres;7
363;Art Competitions Mixed Architecture, Architectural Designs;48
364;Boxing Women's Flyweight;39
365;Gymnastics Men's Floor Exercise;4
366;Shooting Men's Military Rifle, Three Positions, 300 metres;7
367;Swimming Men's 100 metres Freestyle;34
368;Diving Men's Plain High;44
369;Swimming Men's Plunge For Distance;34
370;Athletics Women's 10 kilometres Walk;10
371;Boxing Men's Light-Middleweight;39
372;Rowing Men's Coxless Pairs;19
373;Athletics Men's 2,590 metres Steeplechase;10
374;Judo Women's Heavyweight;8
375;Badminton Women's Singles;26
376;Tennis Women's Doubles;16
377;Art Competitions Mixed Literature, Lyric Works;48
378;Equestrianism Mixed Jumping, Team;24
379;Swimming Men's 50 yard Freestyle;34
380;Weightlifting Men's Super-Heavyweight;27
381;Sailing Mixed Two Person Dinghy;15
382;Rowing Women's Quadruple Sculls;19
383;Shooting Men's Military Rifle, Prone, 600 metres, Team;7
384;Art Competitions Mixed Sculpturing, Statues;48
385;Athletics Men's Standing Long Jump;10
386;Trampolining Women's Individual;30
387;Athletics Men's Hammer Throw;10
388;Shooting Men's Military Rifle, 300 metres and 600 metres, Prone, Team;7
389;Wrestling Men's Light-Flyweight, Freestyle;5
390;Athletics Women's Hammer Throw;10
391;Lacrosse Men's Lacrosse;2
392;Taekwondo Men's Featherweight;6
393;Athletics Men's 400 metres Hurdles;10
394;Shooting Men's Small-Bore Rifle, Any Position, 50 metres;7
395;Weightlifting Men's Heavyweight I;27
396;Canoeing Women's Kayak Singles, Slalom;11
397;Athletics Women's 3,000 metres;10
398;Athletics Men's Standing High Jump;10
399;Athletics Men's 200 metres;10
400;Rhythmic Gymnastics Women's Group;28
401;Swimming Men's 440 yard Freestyle;34
402;Rowing Women's Coxless Fours;19
403;Shooting Men's Free Pistol, 50 yards;7
404;Swimming Men's 4 x 200 metres Freestyle Relay;34
405;Sailing Women's Two Person Dinghy;15
406;Weightlifting Men's All-Around Dumbbell Contest;27
407;Diving Women's Platform;44
408;Golf Men's Team;21
409;Boxing Men's Welterweight;39
410;Canoeing Men's Kayak Doubles, 500 metres;11
411;Art Competitions Mixed Painting;48
412;Athletics Women's 800 metres;10
413;Equestrianism Men's Three-Day Event, Individual;24
414;Rowing Men's Double Sculls;19
415;Wrestling Men's Super-Heavyweight, Greco-Roman;5
416;Art Competitions Mixed Painting, Paintings;48
417;Boxing Men's Light-Flyweight;39
418;Archery Women's Team Round;1
419;Canoeing Men's Kayak Singles, 1,000 metres;11
420;Gymnastics Men's Rings;4
421;Judo Men's Half-Middleweight;8
422;Sailing Mixed Three Person Keelboat;15
423;Athletics Men's 10 kilometres Walk;10
424;Archery Women's Individual;1
425;Cycling Men's Team Pursuit, 1,980 yards;40
426;Athletics Women's 400 metres Hurdles;10
427;Boxing Women's Lightweight;39
428;Shooting Men's Military Rifle, Standing, 300 metres, Team;7
429;Canoeing Men's Kayak Singles, 200 metres;11
430;Swimming Men's 400 metres Freestyle;34
431;Wrestling Men's Middleweight B, Greco-Roman;5
432;Diving Women's Plain High;44
433;Athletics Men's Marathon;10
434;Weightlifting Women's Middleweight;27
435;Tennis Mixed Doubles, Covered Courts;16
436;Cycling Women's Keirin;40
437;Tug-Of-War Men's Tug-Of-War;37
438;Shooting Men's Small-Bore Rifle, Standing, 50 metres;7
439;Cycling Women's BMX;40
440;Archery Men's Target Archery, 50 metres, Individual;1
441;Rowing Men's Coxed Eights;19
442;Sailing Mixed 12 metres;15
443;Athletics Men's Long Jump;10
444;Modern Pentathlon Men's Individual;29
445;Shooting Men's Small-Bore Rifle, Disappearing Target, 25 metres;7
446;Boxing Men's Flyweight;39
447;Athletics Women's 4 x 100 metres Relay;10
448;Hockey Men's Hockey;18
449;Archery Men's Pole Archery, Small Birds, Individual;1
450;Handball Women's Handball;32
451;Shooting Men's Military Rifle, 200, 400, 500 and 600 metres, Team;7
452;Judo Men's Half-Lightweight;8
453;Softball Women's Softball;22
454;Swimming Men's 100 metres Butterfly;34
455;Rowing Women's Coxless Pairs;19
456;Synchronized Swimming Women's Duet;20
457;Shooting Men's Military Pistol, Team;7
458;Sailing Mixed 8 metres;15
459;Racquets Men's Doubles;43
460;Equestrianism Mixed Dressage, Team;24
461;Shooting Mixed Small-Bore Rifle, Three Positions, 50 metres;7
462;Swimming Women's 200 metres Freestyle;34
463;Cycling Women's Team Pursuit;40
464;Sailing Mixed 6.5 metres;15
465;Fencing Men's Single Sticks, Individual;41
466;Art Competitions Mixed Painting, Graphic Arts;48
467;Canoeing Women's Kayak Singles, 500 metres;11
468;Golf Women's Individual;21
469;Athletics Women's Pentathlon;10
470;Swimming Men's 100 Yard Backstroke;34
471;Handball Men's Handball;32
472;Sailing Mixed 18 foot;15
473;Gymnastics Women's Floor Exercise;4
474;Canoeing Men's Canadian Singles, 200 metres;11
475;Rowing Women's Coxed Fours;19
476;Rowing Women's Lightweight Double Sculls;19
477;Sailing Men's Windsurfer;15
478;Swimming Women's 4 x 100 metres Medley Relay;34
479;Tennis Men's Singles, Covered Courts;16
480;Shooting Men's Small-Bore Rifle, Prone, 50 and 100 yards;7
481;Shooting Mixed Free Pistol, 50 metres;7
482;Art Competitions Mixed Architecture, Unknown Event;48
483;Archery Men's Individual;1
484;Swimming Men's 4 x 50 Yard Freestyle Relay;34
485;Equestrianism Men's Dressage, Team;24
486;Weightlifting Men's Heavyweight;27
487;Archery Women's Double Columbia Round;1
488;Table Tennis Men's Team;12
489;Athletics Men's Decathlon;10
490;Beach Volleyball Men's Beach Volleyball;38
491;Shooting Men's Running Target, Single And Double Shot;7
492;Athletics Women's Discus Throw;10
493;Athletics Men's Discus Throw, Both Hands;10
494;Beach Volleyball Women's Beach Volleyball;38
495;Rowing Men's Lightweight Coxless Fours;19
496;Baseball Men's Baseball;3
497;Athletics Women's 100 metres;10
498;Cycling Men's Mountainbike, Cross-Country;40
499;Swimming Women's 200 metres Butterfly;34
500;Cycling Men's Team Sprint;40
501;Judo Men's Open Class;8
502;Boxing Men's Bantamweight;39
503;Rowing Men's Coxed Fours;19
504;Synchronized Swimming Women's Team;20
505;Shooting Mixed Small-Bore Rifle, Prone, 50 metres;7
506;Boxing Women's Middleweight;39
507;Tennis Women's Singles, Covered Courts;16
508;Cycling Men's Madison;40
509;Art Competitions Mixed Sculpturing, Medals And Reliefs;48
510;Cycling Men's BMX;40
511;Sailing Mixed 12 foot;15
512;Shooting Men's Small-Bore Rifle, Prone, 50 metres;7
513;Cycling Women's Individual Time Trial;40
514;Shooting Women's Sporting Pistol, 25 metres;7
515;Archery Men's Target Archery, 28 metres, Team;1
516;Diving Men's Springboard;44
517;Judo Men's Half-Heavyweight;8
518;Wrestling Men's Lightweight, Greco-Roman;5
519;Gymnastics Men's Individual All-Around, 4 Events;4
520;Weightlifting Women's Super-Heavyweight;27
521;Basketball Men's Basketball;36
522;Archery Men's Pole Archery, Large Birds, Team;1
523;Sailing Mixed Two Person Keelboat;15
524;Athletics Men's 5 mile;10
525;Canoeing Men's Kayak Doubles, 1,000 metres;11
526;Wrestling Women's Light-Heavyweight, Freestyle;5
527;Athletics Men's Triple Jump;10
528;Equestrianism Men's Vaulting, Individual;24
529;Sailing Women's Skiff;15
530;Swimming Women's 4 x 200 metres Freestyle Relay;34
531;Sailing Mixed 5.5 metres;15
532;Aeronautics Mixed Aeronautics;31
533;Shooting Men's Running Target, Single Shot, Team;7
534;Swimming Women's 200 metres Backstroke;34
535;Equestrianism Men's Vaulting, Team;24
536;Shooting Men's Military Rifle, Prone, 300 metres, Team;7
537;Judo Women's Half-Middleweight;8
538;Canoeing Men's Canadian Singles, Slalom;11
539;Archery Women's Team;1
540;Shooting Men's Free Rifle, Three Positions, 300 metres, Team;7
541;Fencing Women's epee, Team;41
542;Judo Men's Heavyweight;8
543;Swimming Men's 880 yard Freestyle;34
544;Modern Pentathlon Men's Team;29
545;Equestrianism Men's Jumping, Individual;24
546;Cycling Men's 1 mile;40
547;Swimming Women's 800 metres Freestyle;34
548;Swimming Men's 220 yard Freestyle;34
549;Cycling Men's 2 mile;40
550;Archery Men's Continental Style;1
551;Rowing Women's Coxed Eights;19
552;Athletics Women's Shot Put;10
553;Alpinism Mixed Alpinism;49
554;Archery Men's Target Archery, 50 metres, Team;1
555;Shooting Men's Small-Bore Rifle, Three Positions, 50 metres;7
556;Table Tennis Women's Doubles;12
557;Equestrianism Mixed Dressage, Individual;24
558;Athletics Women's Heptathlon;10
559;Fencing Women's Foil, Individual;41
560;Art Competitions Mixed Music, Instrumental And Chamber;48
561;Equestrianism Mixed Three-Day Event, Individual;24
562;Art Competitions Mixed Sculpturing, Medals And Plaques;48
563;Canoeing Men's Kayak Relay 4 x 500 metres;11
564;Cycling Men's Sprint;40
565;Athletics Men's 200 metres Hurdles;10
566;Wrestling Men's Light-Heavyweight, Greco-Roman;5
567;Sailing Men's One Person Heavyweight Dinghy;15
568;Shooting Men's Free Pistol, 50 yards, Team;7
569;Water Polo Women's Water Polo;25
570;Athletics Men's 50 kilometres Walk;10
571;Equestrianism Mixed Jumping, Individual;24
572;Athletics Men's 400 metres;10
573;Fencing Women's Sabre, Team;41
574;Table Tennis Women's Team;12
575;Shooting Women's Skeet;7
